Index,DT,A1
1,01/04/20,18.74
2,02/04/20,23.37
3,03/04/20,13.49
4,04/04/20,17.01
5,05/04/20,27.24
6,06/04/20,17.31
7,07/04/20,9.19
8,08/04/20,19
9,09/04/20,19.67
10,10/04/20,5.57
11,11/04/20,4.69
12,12/04/20,4.06
13,13/04/20,2.01
14,14/04/20,2
15,15/04/20,2.68
16,16/04/20,2.19
17,17/04/20,1.63
18,18/04/20,0.87
19,19/04/20,0.99
20,20/04/20,0.5
21,21/04/20,0.87
22,22/04/20,1.69
23,23/04/20,1
24,24/04/20,1.25
25,25/04/20,1.39
26,26/04/20,1.24
27,27/04/20,1.13
28,28/04/20,1.25
29,29/04/20,1.3
30,30/04/20,1.05
31,01/05/20,1.14
32,02/05/20,1.06
33,03/05/20,2
34,04/05/20,1.07
35,05/05/20,0.95
36,06/05/20,2.19
37,07/05/20,1.2
38,08/05/20,0.82
39,09/05/20,1.51
40,10/05/20,1.33
41,11/05/20,1.49
42,12/05/20,1.19
43,13/05/20,1.07
44,14/05/20,1.81
45,15/05/20,1.57
46,16/05/20,1.89
47,17/05/20,2.62
48,18/05/20,1.76
49,19/05/20,3.37
50,20/05/20,3.51
51,21/05/20,3.51
52,22/05/20,4
53,23/05/20,14.31
54,24/05/20,19.32
55,25/05/20,19.38
56,26/05/20,28.31
57,27/05/20,17.92
58,28/05/20,28.37
59,29/05/20,29.94
60,30/05/20,29.38
61,31/05/20,31.38
62,01/06/20,25.32
63,02/06/20,27.64
64,03/06/20,30.69
65,04/06/20,27.19
66,05/06/20,29.87
67,06/06/20,33.38
68,07/06/20,29.93
69,08/06/20,2.25
70,09/06/20,3.5
71,10/06/20,3.07
72,11/06/20,24.75
73,12/06/20,22.44
74,13/06/20,5
75,14/06/20,2.5
76,15/06/20,2.18
77,16/06/20,3.13
78,17/06/20,3.44
79,18/06/20,4.88
80,19/06/20,2.62
81,20/06/20,3.24
82,21/06/20,4.07
83,22/06/20,3.12
84,23/06/20,4.5
85,24/06/20,5.19
86,25/06/20,5.55
87,26/06/20,5.43
88,27/06/20,20.26
89,28/06/20,27.49
90,29/06/20,22.95
91,30/06/20,24.68
92,01/07/20,19.18
93,02/07/20,28.43
94,03/07/20,10.88
95,04/07/20,22.2
96,05/07/20,24.94
97,06/07/20,4.19
98,07/07/20,2.93
99,08/07/20,2.51
100,09/07/20,1.75
101,10/07/20,2.06
102,11/07/20,2.31
103,12/07/20,1.63
104,13/07/20,1.75
105,14/07/20,1.5
106,15/07/20,1.88
107,16/07/20,4.07
108,17/07/20,5
109,18/07/20,4.2
110,19/07/20,4.88
111,20/07/20,19.63
112,21/07/20,22.06
113,22/07/20,22.31
114,23/07/20,29.82
115,24/07/20,19.74
116,25/07/20,22.51
117,26/07/20,29.63
118,27/07/20,24.76
119,28/07/20,13.25
120,29/07/20,22.5
121,30/07/20,22.12
122,31/07/20,26.82
123,01/08/20,15.88
124,02/08/20,22.06
125,03/08/20,8.82
126,04/08/20,18.45
127,05/08/20,13.32
128,06/08/20,4.94
129,07/08/20,5.56
130,08/08/20,2.68
131,09/08/20,3.31
132,10/08/20,2.8
133,11/08/20,2.25
134,12/08/20,2.56
135,13/08/20,2.24
136,14/08/20,2.88
137,15/08/20,2.61
138,16/08/20,2.87
139,17/08/20,2.63
140,18/08/20,3
141,19/08/20,5.07
142,20/08/20,5.94
143,21/08/20,6.06
144,22/08/20,13.18
145,23/08/20,17.57
146,24/08/20,31.01
147,25/08/20,28.93
148,26/08/20,18.19
149,27/08/20,24.94
150,28/08/20,28.58
151,29/08/20,16.99
152,30/08/20,26.19
153,31/08/20,28.19
154,01/09/20,31.07
155,02/09/20,24.37
156,03/09/20,31.12
157,04/09/20,30.75
158,05/09/20,15.38
159,06/09/20,27.33
160,07/09/20,21.31
161,08/09/20,23.31
162,09/09/20,28.06
163,10/09/20,26.27
164,11/09/20,28.95
165,12/09/20,16.99
166,13/09/20,32.62
167,14/09/20,37.25
168,15/09/20,25.37
169,16/09/20,28.07
170,17/09/20,34.75
171,18/09/20,2.32
172,19/09/20,21.87
173,20/09/20,6
174,21/09/20,5.56
175,22/09/20,6.07
176,23/09/20,6.49
177,24/09/20,16.31
178,25/09/20,39.12
179,26/09/20,31.93
180,27/09/20,29.57
181,28/09/20,14.77
182,29/09/20,33.07
183,30/09/20,34.5
184,01/10/20,31.7
185,02/10/20,25.13
186,03/10/20,30.49
187,04/10/20,28.18
188,05/10/20,20.56
189,06/10/20,19.88
190,07/10/20,21.5
191,08/10/20,37.13
192,09/10/20,36.81
193,10/10/20,29.88
194,11/10/20,14.5
195,12/10/20,4.81
196,13/10/20,4.56
197,14/10/20,42.12
198,15/10/20,16.93
199,16/10/20,7.13
200,17/10/20,21.99
201,18/10/20,22.75
202,19/10/20,14.12
203,20/10/20,27.81
204,21/10/20,29.81
205,22/10/20,21
206,23/10/20,20.06
207,24/10/20,30.69
208,25/10/20,34.12
209,26/10/20,36.89
210,27/10/20,27.57
211,28/10/20,30.24
212,29/10/20,25.19
213,30/10/20,22.44
214,31/10/20,30.13
215,01/11/20,32.2
216,02/11/20,28.32
217,03/11/20,32.82
218,04/11/20,23.92
219,05/11/20,12.56
220,06/11/20,20.5
221,07/11/20,24.36
222,08/11/20,6.45
223,09/11/20,15.94
224,10/11/20,37.32
225,11/11/20,29.87
226,12/11/20,21.69
227,13/11/20,34.43
228,14/11/20,33.44
229,15/11/20,34.75
230,16/11/20,28.12
231,17/11/20,32.82
232,18/11/20,26.44
233,19/11/20,33.93
234,20/11/20,18.63
235,21/11/20,36.26
236,22/11/20,21.68
237,23/11/20,31.88
238,24/11/20,31.57
239,25/11/20,33.63
240,26/11/20,25.49
241,27/11/20,27.5
242,28/11/20,21.25
243,29/11/20,28.94
244,30/11/20,35
245,01/12/20,13.68
246,02/12/20,18.95
247,03/12/20,26.81
248,04/12/20,35.25
249,05/12/20,33.14
250,06/12/20,30.75
251,07/12/20,13.18
252,08/12/20,18.07
253,09/12/20,25.94
254,10/12/20,33.89
255,11/12/20,28.19
256,12/12/20,29.44
257,13/12/20,35.05
258,14/12/20,13.12
259,15/12/20,32.25
260,16/12/20,10.75
261,17/12/20,34.57
262,18/12/20,30.38
263,19/12/20,35.89
264,20/12/20,36.38
265,21/12/20,28.49
266,22/12/20,24.02
267,23/12/20,26.18
268,24/12/20,36.25
269,25/12/20,26.31
270,26/12/20,39.13
271,27/12/20,38.06
272,28/12/20,19.69
273,29/12/20,30.43
274,30/12/20,33.62
275,31/12/20,31.5
276,01/01/21,34.31
277,02/01/21,20.07
278,03/01/21,35.31
279,04/01/21,35.07
280,05/01/21,21.87
281,06/01/21,34.18
282,07/01/21,35.3
283,08/01/21,37.74
284,09/01/21,30.18
285,10/01/21,37.18
286,11/01/21,36.99
287,12/01/21,27.62
288,13/01/21,39.93
289,14/01/21,32.75
290,15/01/21,37.99
291,16/01/21,28.38
292,17/01/21,21.44
293,18/01/21,38.19
294,19/01/21,37.52
295,20/01/21,25.93
296,21/01/21,34.63
297,22/01/21,35.01
298,23/01/21,34.69
299,24/01/21,34.05
300,25/01/21,32
301,26/01/21,32.43
302,27/01/21,29
303,28/01/21,28.68
304,29/01/21,37.51
305,30/01/21,35.5
306,31/01/21,29.82
307,01/02/21,38.25
308,02/02/21,34.87
309,03/02/21,37.07
310,04/02/21,22.13
311,05/02/21,35.49
312,06/02/21,35.74
313,07/02/21,32.68
314,08/02/21,30.25
315,09/02/21,31.62
316,10/02/21,37.94
317,11/02/21,27.81
318,12/02/21,35.74
319,13/02/21,33.01
320,14/02/21,38.81
321,15/02/21,29.56
322,16/02/21,35.93
323,17/02/21,26.87
324,18/02/21,35.94
325,19/02/21,23.69
326,20/02/21,35.25
327,21/02/21,35.31
328,22/02/21,35.73
329,23/02/21,33.93
330,24/02/21,29.12
331,25/02/21,36.89
332,26/02/21,24.75
333,27/02/21,36.81
334,28/02/21,33.43
335,01/03/21,31.56
336,02/03/21,22.81
337,03/03/21,33.25
338,04/03/21,33.51
339,05/03/21,32.31
340,06/03/21,25
341,07/03/21,31.13
342,08/03/21,28.18
343,09/03/21,7.12
344,10/03/21,16.43
345,11/03/21,33.37
346,12/03/21,35.49
347,13/03/21,21.63
348,14/03/21,25.44
349,15/03/21,34.81
350,16/03/21,31.55
351,17/03/21,33.94
352,18/03/21,24.69
353,19/03/21,32.5
354,20/03/21,22.12
355,21/03/21,32.75
356,22/03/21,32
357,23/03/21,32.12
358,24/03/21,29.13
359,25/03/21,34.19
360,26/03/21,35.63
361,27/03/21,25.69
362,28/03/21,35.45
363,29/03/21,34.68
364,30/03/21,27.25
365,31/03/21,31.07
366,01/04/21,36.37
367,02/04/21,32.56
368,03/04/21,22.8
369,04/04/21,35.07
370,05/04/21,34.06
371,06/04/21,26.81
372,07/04/21,34.56
373,08/04/21,30.93
374,09/04/21,75.32
375,10/04/21,46.18
376,11/04/21,48.75
377,12/04/21,6.12
378,13/04/21,53.51
379,14/04/21,49.12
380,15/04/21,61.25
381,16/04/21,33.49
382,17/04/21,60.56
383,18/04/21,52.5
384,19/04/21,26.93
385,20/04/21,40.69
386,21/04/21,49.94
387,22/04/21,49.56
388,23/04/21,35.43
389,24/04/21,55.94
390,25/04/21,49.19
391,26/04/21,46.68
392,27/04/21,39.43
393,28/04/21,51.44
394,29/04/21,47.76
395,30/04/21,24.62
396,01/05/21,53.75
397,02/05/21,45.13
398,03/05/21,36.5
399,04/05/21,26.12
400,05/05/21,42.88
401,06/05/21,52.61
402,07/05/21,35.44
403,08/05/21,45.62
404,09/05/21,35
405,10/05/21,39.87
406,11/05/21,44
407,12/05/21,51.87
408,13/05/21,52
409,14/05/21,24.69
410,15/05/21,43.07
411,16/05/21,44.74
412,17/05/21,49.07
413,18/05/21,34.56
414,19/05/21,42.89
415,20/05/21,41.12
416,21/05/21,31.82
417,22/05/21,50.56
418,23/05/21,54.06
419,24/05/21,38.57
420,25/05/21,34.51
421,26/05/21,47.75
422,27/05/21,45.5
423,28/05/21,27.44
424,29/05/21,36.56
425,30/05/21,23.06
426,31/05/21,39.63
427,01/06/21,36.93
428,02/06/21,42.93
429,03/06/21,37.2
430,04/06/21,6.18
431,05/06/21,15.5
432,06/06/21,4.2
433,07/06/21,6.88
434,08/06/21,56.76
435,09/06/21,58.99
436,10/06/21,47.93
437,11/06/21,6.5
438,12/06/21,27.51
439,13/06/21,47.87
440,14/06/21,37.07
441,15/06/21,11.82
442,16/06/21,31.87
443,17/06/21,48.88
444,18/06/21,48.99
445,19/06/21,39.63
446,20/06/21,32.25
447,21/06/21,31.1
448,22/06/21,31.1
449,23/06/21,31.1
450,24/06/21,53.43
451,25/06/21,50.88
452,26/06/21,51.44
453,27/06/21,39.56
454,28/06/21,53.25
455,29/06/21,16.75
456,30/06/21,27.88
457,01/07/21,54.93
458,02/07/21,56.49
459,03/07/21,30.31
460,04/07/21,50.18
461,05/07/21,45.82
462,06/07/21,28.18
463,07/07/21,48.06
464,08/07/21,49.75
465,09/07/21,50.5
466,10/07/21,38.68
467,11/07/21,50.82
468,12/07/21,39.24
469,13/07/21,29.37
470,14/07/21,46.75
471,15/07/21,51
472,16/07/21,55.44
473,17/07/21,6.18
474,18/07/21,4.63
475,19/07/21,4.88
476,20/07/21,3.95
477,21/07/21,3.68
478,22/07/21,3.5
479,23/07/21,4.25
480,24/07/21,4.25
481,25/07/21,4.69
482,26/07/21,5
483,27/07/21,7.07
484,28/07/21,9.07
485,29/07/21,11.69
486,30/07/21,32.88
487,31/07/21,47.43
488,01/08/21,43.13
489,02/08/21,45.75
490,03/08/21,36.75
491,04/08/21,49.63
492,05/08/21,47.93
493,06/08/21,17.94
494,07/08/21,54.88
495,08/08/21,54.37
496,09/08/21,45.5
497,10/08/21,24.44
498,11/08/21,55.31
499,12/08/21,57.88
500,13/08/21,22.12
501,14/08/21,48.82
502,15/08/21,56.32
503,16/08/21,37.93
504,17/08/21,52.19
505,18/08/21,53.18
506,19/08/21,53.5
507,20/08/21,31.56
508,21/08/21,54.99
509,22/08/21,34.62
510,23/08/21,32.56
511,24/08/21,35.31
512,25/08/21,57.31
513,26/08/21,55.87
514,27/08/21,45.62
515,28/08/21,25.5
516,29/08/21,53.93
517,30/08/21,46.95
518,31/08/21,45.57
519,01/09/21,35.75
520,02/09/21,46.12
521,03/09/21,29.25
522,04/09/21,54.19
523,05/09/21,40.25
524,06/09/21,51.68
525,07/09/21,44.12
526,08/09/21,55.37
527,09/09/21,57.81
528,10/09/21,56.26
529,11/09/21,42.5
530,12/09/21,54.19
531,13/09/21,54.19
532,14/09/21,45.45
533,15/09/21,34.31
534,16/09/21,51.63
535,17/09/21,35.51
536,18/09/21,31.63
537,19/09/21,46.18
538,20/09/21,32.13
539,21/09/21,34.37
540,22/09/21,48.81
541,23/09/21,41.19
542,24/09/21,33.93
543,25/09/21,38.31
544,26/09/21,40.74
545,27/09/21,5.18
546,28/09/21,21.25
547,29/09/21,6.1
548,30/09/21,4.62
549,01/10/21,37.19
550,02/10/21,40.37
551,03/10/21,45.18
552,04/10/21,10.5
553,05/10/21,47.39
554,06/10/21,48.99
555,07/10/21,57.18
556,08/10/21,23.24
557,09/10/21,20.31
558,10/10/21,39.32
559,11/10/21,40.81
560,12/10/21,19.93
561,13/10/21,32.45
562,14/10/21,25.82
563,15/10/21,31.75
564,16/10/21,32.24
565,17/10/21,29.38
566,18/10/21,55.31
567,19/10/21,20.56
568,20/10/21,31.88
569,21/10/21,28.43
570,22/10/21,39.56
571,23/10/21,57.07
572,24/10/21,57.8
573,25/10/21,35.01
574,26/10/21,57.63
575,27/10/21,39.07
576,28/10/21,32.56
577,29/10/21,23.2
578,30/10/21,16.95
579,31/10/21,33.5
580,01/11/21,41.25
581,02/11/21,39.5
582,03/11/21,5.68
583,04/11/21,40.19
584,05/11/21,17.13
585,06/11/21,6.13
586,07/11/21,9.26
587,08/11/21,39.43
588,09/11/21,38.06
589,10/11/21,43.38
590,11/11/21,35.26
591,12/11/21,53.93
592,13/11/21,20.75
593,14/11/21,36.13
594,15/11/21,35
595,16/11/21,53.31
596,17/11/21,34.87
597,18/11/21,38.87
598,19/11/21,59.56
599,20/11/21,24.43
600,21/11/21,40.87
601,22/11/21,37.06
602,23/11/21,25.43
603,24/11/21,21.87
604,25/11/21,20.7
605,26/11/21,36.94
606,27/11/21,47.62
607,28/11/21,21.37
608,29/11/21,42.94
609,30/11/21,10.31
610,01/12/21,34.57
611,02/12/21,36.25
612,03/12/21,41.07
613,04/12/21,40.88
614,05/12/21,55.13
615,06/12/21,55.07
616,07/12/21,43.06
617,08/12/21,54.24
618,09/12/21,59.63
619,10/12/21,41.5
620,11/12/21,48.7
621,12/12/21,56.44
622,13/12/21,59.5
623,14/12/21,31.32
624,15/12/21,33.88
625,16/12/21,34.37
626,17/12/21,28.19
627,18/12/21,40.25
628,19/12/21,40.75
629,20/12/21,28.5
630,21/12/21,31.06
631,22/12/21,37.69
632,23/12/21,40.94
633,24/12/21,34.07
634,25/12/21,51.38
635,26/12/21,37.19
636,27/12/21,37.93
637,28/12/21,48.06
638,29/12/21,58.89
639,30/12/21,33.44
640,31/12/21,39.87
641,01/01/22,23.76
642,02/01/22,39.01
643,03/01/22,42.57
644,04/01/22,42.24
645,05/01/22,40.06
646,06/01/22,29.94
647,07/01/22,36.25
648,08/01/22,36.76
649,09/01/22,39.18
650,10/01/22,33.56
651,11/01/22,53.63
652,12/01/22,38.01
653,13/01/22,60.99
654,14/01/22,44.05
655,15/01/22,55.24
656,16/01/22,61.68
657,17/01/22,32.08
658,18/01/22,52.76
659,19/01/22,49.8
660,20/01/22,50.68
661,21/01/22,39.94
662,22/01/22,48.49
663,23/01/22,51.8
664,24/01/22,42.87
665,25/01/22,31.8
666,26/01/22,34.63
667,27/01/22,37.68
668,28/01/22,22.81
669,29/01/22,43.07
670,30/01/22,42.25
671,31/01/22,43.75
672,01/02/22,5.25
673,02/02/22,5.68
674,03/02/22,6.32
675,04/02/22,4.62
676,05/02/22,8.43
677,06/02/22,45.13
678,07/02/22,32
679,08/02/22,38.37
680,09/02/22,49.12
681,10/02/22,44.25
682,11/02/22,25.88
683,12/02/22,34.99
684,13/02/22,39.13
685,14/02/22,25.5
686,15/02/22,64
687,16/02/22,49.75
688,17/02/22,60.12
689,18/02/22,41.5
690,19/02/22,41.5
691,20/02/22,50.75
692,21/02/22,35.5
693,22/02/22,28.5
694,23/02/22,57.5
695,24/02/22,54
696,25/02/22,55.38
697,26/02/22,39.01
698,27/02/22,46.37
699,28/02/22,61.75
700,01/03/22,32.5
701,02/03/22,39.25
702,03/03/22,30.37
703,04/03/22,44.13
704,05/03/22,37.51
705,06/03/22,44
706,07/03/22,51.37
707,08/03/22,32.38
708,09/03/22,35.62
709,10/03/22,48.37
710,11/03/22,48.37
711,12/03/22,37.37
712,13/03/22,37
713,14/03/22,57.88
714,15/03/22,59.12
715,16/03/22,33.63
716,17/03/22,51.25
717,18/03/22,47.25
718,19/03/22,47
719,20/03/22,46.62
720,21/03/22,61.25
721,22/03/22,50.49
722,23/03/22,21.12
723,24/03/22,42.38
724,25/03/22,53.75
725,26/03/22,50.63
726,27/03/22,38.88
727,28/03/22,39.12
728,29/03/22,39
729,30/03/22,40.5
730,31/03/22,48.51
731,01/04/22,6.76
732,02/04/22,4.13
733,03/04/22,2.75
734,04/04/22,2.25
735,05/04/22,3.26
736,06/04/22,2.76
737,07/04/22,3.87
738,08/04/22,4.51
739,09/04/22,4
740,10/04/22,3.38
741,11/04/22,2.75
742,12/04/22,5.01
743,13/04/22,6.5
744,14/04/22,7.12
745,15/04/22,24.75
746,16/04/22,37.75
747,17/04/22,33.87
748,18/04/22,40.86
749,19/04/22,36.99
750,20/04/22,31.99
751,21/04/22,20.75
752,22/04/22,4.38
753,23/04/22,3.89
754,24/04/22,5.12
755,25/04/22,4
756,26/04/22,3.62
757,27/04/22,3.62
758,28/04/22,4.62
759,29/04/22,6.12
760,30/04/22,6.5
761,01/05/22,6.26
762,02/05/22,16.14
763,03/05/22,4.74
764,04/05/22,3.87
765,05/05/22,44
766,06/05/22,33
767,07/05/22,53.49
768,08/05/22,49.5
769,09/05/22,41.5
770,10/05/22,35.75
771,11/05/22,31.25
772,12/05/22,42.38
773,13/05/22,25.76
774,14/05/22,30
775,15/05/22,56.01
776,16/05/22,55.75
777,17/05/22,54.25
778,18/05/22,56.87
779,19/05/22,24.25
780,20/05/22,42.75
781,21/05/22,42.99
782,22/05/22,50.01
783,23/05/22,49.87
784,24/05/22,4.13
785,25/05/22,6
786,26/05/22,4.12
787,27/05/22,6
788,28/05/22,27.12
789,29/05/22,53.88
790,30/05/22,42.38
791,31/05/22,52.76
792,01/06/22,74
793,02/06/22,5.63
794,03/06/22,4.63
795,04/06/22,3.75
796,05/06/22,4.13
797,06/06/22,4.01
798,07/06/22,4.01
799,08/06/22,4.74
800,09/06/22,4.88
801,10/06/22,4.88
802,11/06/22,6.38
803,12/06/22,7.01
804,13/06/22,9.63
805,14/06/22,9
806,15/06/22,38.75
807,16/06/22,48.63
808,17/06/22,59.24
809,18/06/22,50.24
810,19/06/22,55.75
811,20/06/22,26
812,21/06/22,50.37
813,22/06/22,52.12
814,23/06/22,29.51
815,24/06/22,51.75
816,25/06/22,47.13
817,26/06/22,37.24
818,27/06/22,34.37
819,28/06/22,51.75
820,29/06/22,40.87
821,30/06/22,58.75
822,01/07/22,58.26
823,02/07/22,39.5
824,03/07/22,52.74
825,04/07/22,44.38
826,05/07/22,38.12
827,06/07/22,38.38
828,07/07/22,16.25
829,08/07/22,5.01
830,09/07/22,6.75
831,10/07/22,6.88
832,11/07/22,4.75
833,12/07/22,4.88
834,13/07/22,4.99
835,14/07/22,5.51
836,15/07/22,6.25
837,16/07/22,6.38
838,17/07/22,5.49
839,18/07/22,7.39
840,19/07/22,28.26
841,20/07/22,49.51
842,21/07/22,46.14
843,22/07/22,51.75
844,23/07/22,41.75
845,24/07/22,35
846,25/07/22,49.49
847,26/07/22,11.87
848,27/07/22,6.01
849,28/07/22,6.87
850,29/07/22,6.75
851,30/07/22,5.75
852,31/07/22,3.87
853,01/08/22,6.38
854,02/08/22,5.74
855,03/08/22,5.75
856,04/08/22,5.5
857,05/08/22,7.26
858,06/08/22,5.13
859,07/08/22,5.99
860,08/08/22,5.75
861,09/08/22,6.12
862,10/08/22,5.87
863,11/08/22,6.38
864,12/08/22,7.75
865,13/08/22,7.87
866,14/08/22,7.75
867,15/08/22,9.12
868,16/08/22,40.38
869,17/08/22,49.25
870,18/08/22,48.37
871,19/08/22,36.76
872,20/08/22,43.74
873,21/08/22,48.37
874,22/08/22,45.75
875,23/08/22,25.13
876,24/08/22,37.63
877,25/08/22,45.25
878,26/08/22,17.38
879,27/08/22,50.26
880,28/08/22,42.26
881,29/08/22,19.24
882,30/08/22,36.99
883,31/08/22,20.25
884,01/09/22,7.26
885,02/09/22,6.62
886,03/09/22,5.63
887,04/09/22,5.75
888,05/09/22,4.87
889,06/09/22,4.62
890,07/09/22,5.12
891,08/09/22,6.37
892,09/09/22,19.87
893,10/09/22,33.01
894,11/09/22,32.62
895,12/09/22,31.86
896,13/09/22,31.25
897,14/09/22,19.25
898,15/09/22,23
899,16/09/22,45.62
900,17/09/22,45.64
901,18/09/22,52.62
902,19/09/22,29.5
903,20/09/22,51.49
904,21/09/22,42.51
905,22/09/22,37.75
906,23/09/22,50.25
907,24/09/22,31.49
908,25/09/22,35.99
909,26/09/22,27.37
910,27/09/22,6.13
911,28/09/22,5.5
912,29/09/22,7.99
913,30/09/22,6.63
914,01/10/22,6
915,02/10/22,6.13
916,03/10/22,6.13
917,04/10/22,8.5
918,05/10/22,50.88
919,06/10/22,33.62
920,07/10/22,48.49
921,08/10/22,27.87
922,09/10/22,47.25
923,10/10/22,49
924,11/10/22,46.62
925,12/10/22,34.13
926,13/10/22,54.63
927,14/10/22,61.25
928,15/10/22,45.37
929,16/10/22,57.12
930,17/10/22,49.88
931,18/10/22,59.63
932,19/10/22,40.26
933,20/10/22,52.62
934,21/10/22,49.62
935,22/10/22,52.5
936,23/10/22,41.63
937,24/10/22,38.63
938,25/10/22,48.26
939,26/10/22,44.75
940,27/10/22,22.88
941,28/10/22,48.99
942,29/10/22,45.12
943,30/10/22,43.99
944,31/10/22,61.63
945,01/11/22,56.36
946,02/11/22,57.88
947,03/11/22,42.5
948,04/11/22,63
949,05/11/22,53.38
950,06/11/22,56
951,07/11/22,41.87
952,08/11/22,49.62
953,09/11/22,51.88
954,10/11/22,22.25
955,11/11/22,51.49
956,12/11/22,46.88
957,13/11/22,39.87
958,14/11/22,37.5
959,15/11/22,50.25
960,16/11/22,38.25
961,17/11/22,32.62
962,18/11/22,53.75
963,19/11/22,57.87
964,20/11/22,52.62
965,21/11/22,7.63
966,22/11/22,36.62
967,23/11/22,24
968,24/11/22,59.12
969,25/11/22,28.63
970,26/11/22,59
971,27/11/22,53.75
972,28/11/22,39.75
973,29/11/22,20.75
974,30/11/22,37.87
975,01/12/22,31.99
976,02/12/22,42.5
977,03/12/22,41.5
978,04/12/22,45
979,05/12/22,9.12
980,06/12/22,42.62
981,07/12/22,27.5
982,08/12/22,48.37
983,09/12/22,22.25
984,10/12/22,35
985,11/12/22,51.13
986,12/12/22,49.5
987,13/12/22,25.24
988,14/12/22,39.88
989,15/12/22,45
990,16/12/22,15.87
991,17/12/22,34.49
992,18/12/22,43.5
993,19/12/22,44
994,20/12/22,32.62
995,21/12/22,60.5
996,22/12/22,54.88
997,23/12/22,53.49
998,24/12/22,49.88
999,25/12/22,51.24
1000,26/12/22,38.87
1001,27/12/22,44.87
1002,28/12/22,27.99
1003,29/12/22,42.51
1004,30/12/22,51.99
1005,31/12/22,40
1006,01/01/23,50.12
1007,02/01/23,39.74
1008,03/01/23,27.13
1009,04/01/23,6.25
1010,05/01/23,6.74
1011,06/01/23,33.38
1012,07/01/23,51.87
1013,08/01/23,53.75
1014,09/01/23,51.62
1015,10/01/23,33.87
1016,11/01/23,50.75
1017,12/01/23,54.13
1018,13/01/23,38.5
1019,14/01/23,53
1020,15/01/23,42
1021,16/01/23,56.24
1022,17/01/23,37.38
1023,18/01/23,35.13
1024,19/01/23,49.01
1025,20/01/23,34.5
1026,21/01/23,48.5
1027,22/01/23,55.37
1028,23/01/23,47.24
1029,24/01/23,45.01
1030,25/01/23,47.75
1031,26/01/23,59.5
1032,27/01/23,55.14
1033,28/01/23,37.88
1034,29/01/23,50.63
1035,30/01/23,34.12
1036,31/01/23,50.75
1037,01/02/23,25.62
1038,02/02/23,18.5
1039,03/02/23,57.63
1040,04/02/23,36.5
1041,05/02/23,48.01
1042,06/02/23,51.13
1043,07/02/23,55.01
1044,08/02/23,44.74
1045,09/02/23,46.49
1046,10/02/23,34.12
1047,11/02/23,56.87
1048,12/02/23,53.87
1049,13/02/23,56.13
1050,14/02/23,41.62
1051,15/02/23,58.51
1052,16/02/23,59.63
1053,17/02/23,33
1054,18/02/23,57.87
1055,19/02/23,52.75
1056,20/02/23,54.25
1057,21/02/23,27.99
1058,22/02/23,48.38
1059,23/02/23,44.75
1060,24/02/23,38.37
1061,25/02/23,46.63
1062,26/02/23,59.87
1063,27/02/23,62.74
1064,28/02/23,58.99
1065,01/03/23,44.99
1066,02/03/23,49.25
1067,03/03/23,37.25
1068,04/03/23,48
1069,05/03/23,47.62
1070,06/03/23,52.13
1071,07/03/23,41.74
1072,08/03/23,44.44
1073,09/03/23,37.12
1074,10/03/23,54.64
1075,11/03/23,52.5
1076,12/03/23,54
1077,13/03/23,21.37
1078,14/03/23,54.13
1079,15/03/23,46.37
1080,16/03/23,59.63
1081,17/03/23,40.75
1082,18/03/23,57.25
1083,19/03/23,60.37
1084,20/03/23,42.25
1085,21/03/23,27.62
1086,22/03/23,45.37
1087,23/03/23,30.01
1088,24/03/23,30.88
1089,25/03/23,52.75
1090,26/03/23,46
1091,27/03/23,49.63
1092,28/03/23,44.01
1093,29/03/23,55.87
1094,30/03/23,51.12
1095,31/03/23,58.13
1096,01/04/23,28.37
1097,02/04/23,60.13
1098,03/04/23,56.63
1099,04/04/23,52.12
1100,05/04/23,25.49
1101,06/04/23,7.25
1102,07/04/23,6.62
1103,08/04/23,5
1104,09/04/23,5.74
1105,10/04/23,4.88
1106,11/04/23,5.88
1107,12/04/23,5.75
1108,13/04/23,4.88
1109,14/04/23,30.61
1110,15/04/23,43.13
1111,16/04/23,39.24
1112,17/04/23,45.63
1113,18/04/23,48.75
1114,19/04/23,38.87
1115,20/04/23,41.99
1116,21/04/23,43.62
1117,22/04/23,45.75
1118,23/04/23,50.88
1119,24/04/23,29.63
1120,25/04/23,43.12
1121,26/04/23,41.5
1122,27/04/23,40
1123,28/04/23,55.63
1124,29/04/23,38.26
1125,30/04/23,46.63
1126,01/05/23,44.37
1127,02/05/23,22.87
1128,03/05/23,35.62
1129,04/05/23,22
1130,05/05/23,20.12
1131,06/05/23,3.38
1132,07/05/23,2.88
1133,08/05/23,5
1134,09/05/23,4.74
1135,10/05/23,4.24
1136,11/05/23,3.87
1137,12/05/23,3.37
1138,13/05/23,4.25
1139,14/05/23,4
1140,15/05/23,4.5
1141,16/05/23,6.13
1142,17/05/23,5.75
1143,18/05/23,6.87
1144,19/05/23,2.87
1145,20/05/23,3.5
1146,21/05/23,3.12
1147,22/05/23,3.13
1148,23/05/23,5.13
1149,24/05/23,4
1150,25/05/23,4.13
1151,26/05/23,4.75
1152,27/05/23,5.75
1153,28/05/23,2
1154,29/05/23,42.25
1155,30/05/23,46.13
1156,31/05/23,39.26
1157,01/06/23,23.26
1158,02/06/23,39.63
1159,03/06/23,40
1160,04/06/23,44.63
1161,05/06/23,33.37
1162,06/06/23,55.13
1163,07/06/23,27.2
1164,08/06/23,28
1165,09/06/23,36.01
1166,10/06/23,41.13
1167,11/06/23,53.26
1168,12/06/23,47.88
1169,13/06/23,43.87
1170,14/06/23,45.12
1171,15/06/23,57
1172,16/06/23,25.38
1173,17/06/23,18.13
1174,18/06/23,17.13
1175,19/06/23,46
1176,20/06/23,49
1177,21/06/23,23.62
1178,22/06/23,48.75
1179,23/06/23,38.12
1180,24/06/23,19.88
1181,25/06/23,49.26
1182,26/06/23,41.86
1183,27/06/23,39.63
1184,28/06/23,39.63
1185,29/06/23,44.88
1186,30/06/23,66.12
1187,01/07/23,32.37
1188,02/07/23,57.5
1189,03/07/23,46.75
1190,04/07/23,47.5
1191,05/07/23,39.38
1192,06/07/23,57.5
1193,07/07/23,27
1194,08/07/23,48.24
1195,09/07/23,51
1196,10/07/23,43.25
1197,11/07/23,43.37
1198,12/07/23,51.37
1199,13/07/23,50.37
1200,14/07/23,55.38
1201,15/07/23,5.5
1202,16/07/23,4.63
1203,17/07/23,26.37
1204,18/07/23,53.87
1205,19/07/23,7
1206,20/07/23,7.25
1207,21/07/23,5.5
1208,22/07/23,5.37
1209,23/07/23,5.75
1210,24/07/23,6.26
1211,25/07/23,8.13
1212,26/07/23,9.63
1213,27/07/23,46.5
1214,28/07/23,51.5
1215,29/07/23,38
1216,30/07/23,5.88
1217,31/07/23,6.88
1218,01/08/23,8.25
1219,02/08/23,49.87
1220,03/08/23,52.5
1221,04/08/23,31.51
1222,05/08/23,51
1223,06/08/23,51.87
1224,07/08/23,39.88
1225,08/08/23,56.37
1226,09/08/23,46.75
1227,10/08/23,39.38
1228,11/08/23,55.5
1229,12/08/23,33.75
1230,13/08/23,53.5
1231,14/08/23,51.62
1232,15/08/23,41.49
1233,16/08/23,30.37
1234,17/08/23,27.38
1235,18/08/23,46.5
1236,19/08/23,38.5
1237,20/08/23,47.38
1238,21/08/23,29.38
1239,22/08/23,54.5
1240,23/08/23,48.87
1241,24/08/23,55.88
1242,25/08/23,37.62
1243,26/08/23,44.62
1244,27/08/23,52
1245,28/08/23,27.5
1246,29/08/23,21.25
1247,30/08/23,58.51
1248,31/08/23,44.12